{
    "prompt_cost": 1.0849075000000012,
    "completion_cost": 1.4436162499999994,
    "total_cost": 2.5285237500000006,
    "provider": "anthropic"
}