{
    "prompt_tokens": 5553430,
    "completion_tokens": 2677927,
    "total_tokens": 8231357,
    "prompt_cost": 11.106860000000019,
    "completion_cost": 16.06756200000001,
    "total_cost": 27.17442200000003,
    "provider": "openrouter"
}