{
    "prompt_tokens": 3778160,
    "completion_tokens": 888920,
    "total_tokens": 4667080,
    "prompt_cost": 0.7556319999999986,
    "completion_cost": 0.5333519999999999,
    "total_cost": 1.2889839999999986,
    "provider": "openrouter"
}