{
    "prompt_cost": 0.9442000000000003,
    "completion_cost": 8.827199999999998,
    "total_cost": 9.771399999999998,
    "provider": "openai-chatcompletion"
}