{
    "prompt_tokens": 4627665,
    "completion_tokens": 2458638,
    "total_tokens": 7086303,
    "prompt_cost": 9.255330000000027,
    "completion_cost": 4.917276,
    "total_cost": 14.172606000000027,
    "provider": "openrouter"
}