{
    "prompt_tokens": 6468956,
    "completion_tokens": 1090530,
    "total_tokens": 7559486,
    "prompt_cost": 1.940686800000003,
    "completion_cost": 0.5452650000000002,
    "total_cost": 2.485951800000003,
    "provider": "openrouter"
}