{
    "prompt_cost": 0.48818133000000075,
    "completion_cost": 0.3231052000000002,
    "total_cost": 0.811286530000001,
    "provider": "openrouter"
}