{
    "prompt_cost": 4.314997999999999,
    "completion_cost": 1.2382719999999994,
    "total_cost": 5.553269999999999,
    "provider": "openrouter"
}