{
    "prompt_tokens": 2157499,
    "completion_tokens": 619136,
    "total_tokens": 2776635,
    "prompt_cost": 4.314997999999999,
    "completion_cost": 1.2382719999999994,
    "total_cost": 5.553269999999999,
    "provider": "openrouter"
}