{
    "prompt_tokens": 627855,
    "completion_tokens": 938929,
    "total_tokens": 1566784,
    "prompt_cost": 0.1883565,
    "completion_cost": 0.8450361,
    "total_cost": 1.0333926,
    "provider": "mistral"
}