{
    "prompt_tokens": 377680,
    "completion_tokens": 968026,
    "total_tokens": 1345706,
    "prompt_cost": 0.75536,
    "completion_cost": 7.744207999999998,
    "total_cost": 8.499567999999998,
    "provider": "openai-chatcompletion"
}