{
    "prompt_cost": 1.3143889499999994,
    "completion_cost": 0.2562571999999999,
    "total_cost": 1.5706461499999993,
    "provider": "openrouter"
}