{
    "prompt_tokens": 460083,
    "completion_tokens": 2506725,
    "total_tokens": 2966808,
    "prompt_cost": 0.18403319999999995,
    "completion_cost": 5.0134500000000015,
    "total_cost": 5.1974832000000015,
    "provider": "mistral"
}