{
    "prompt_tokens": 3755241,
    "completion_tokens": 479742,
    "total_tokens": 4234983,
    "prompt_cost": 10.51467479999998,
    "completion_cost": 1.343277599999999,
    "total_cost": 11.857952399999979,
    "provider": "openrouter"
}