{
    "prompt_cost": 1.0948024999999995,
    "completion_cost": 19.64540999999998,
    "total_cost": 20.74021249999998,
    "provider": "openai-chatcompletion"
}