{
    "prompt_tokens": 437921,
    "completion_tokens": 1964541,
    "total_tokens": 2402462,
    "prompt_cost": 1.0948024999999995,
    "completion_cost": 19.645409999999984,
    "total_cost": 20.740212499999984,
    "provider": "openai-chatcompletion"
}