{
    "prompt_tokens": 4705890,
    "completion_tokens": 2890931,
    "total_tokens": 7596821,
    "prompt_cost": 11.764725000000103,
    "completion_cost": 28.90930999999997,
    "total_cost": 40.674035000000075,
    "provider": "openrouter"
}