{
    "prompt_cost": 16.55556000000014,
    "completion_cost": 44.79190499999992,
    "total_cost": 61.34746500000006,
    "provider": "anthropic"
}