{
    "prompt_tokens": 5518520,
    "completion_tokens": 2986127,
    "total_tokens": 8504647,
    "prompt_cost": 16.55556000000014,
    "completion_cost": 44.79190499999992,
    "total_cost": 61.34746500000006,
    "provider": "anthropic"
}