{
    "prompt_cost": 0.8978351999999973,
    "completion_cost": 0.7265338000000013,
    "total_cost": 1.6243689999999986,
    "provider": "openrouter"
}