{
    "prompt_tokens": 4489176,
    "completion_tokens": 3632669,
    "total_tokens": 8121845,
    "prompt_cost": 0.8978351999999973,
    "completion_cost": 0.7265338000000013,
    "total_cost": 1.6243689999999986,
    "provider": "openrouter"
}