{
    "prompt_cost": 17.508120000000005,
    "completion_cost": 27.44131949999995,
    "total_cost": 44.949439499999954,
    "provider": "google"
}