{
    "prompt_tokens": 5002320,
    "completion_tokens": 2613459,
    "total_tokens": 7615779,
    "prompt_cost": 17.508120000000005,
    "completion_cost": 27.44131949999995,
    "total_cost": 44.949439499999954,
    "provider": "google"
}