{
    "prompt_tokens": 3911541,
    "completion_tokens": 1013644,
    "total_tokens": 4925185,
    "prompt_cost": 0.5476157400000012,
    "completion_cost": 0.2838203200000001,
    "total_cost": 0.8314360600000014,
    "provider": "openrouter"
}