{
    "prompt_cost": 12.091239999999987,
    "completion_cost": 5.32841959999996,
    "total_cost": 17.419659599999946,
    "provider": "openrouter"
}