{
    "prompt_tokens": 4318300,
    "completion_tokens": 1903007,
    "total_tokens": 6221307,
    "prompt_cost": 12.091239999999987,
    "completion_cost": 5.32841959999996,
    "total_cost": 17.419659599999946,
    "provider": "openrouter"
}