{
    "prompt_tokens": 4519300,
    "completion_tokens": 2763346,
    "total_tokens": 7282646,
    "prompt_cost": 1.2202110000000082,
    "completion_cost": 3.039680600000002,
    "total_cost": 4.25989160000001,
    "provider": "openrouter"
}