{
    "prompt_cost": 0.8966782499999998,
    "completion_cost": 1.0009295999999996,
    "total_cost": 1.8976078499999995,
    "provider": "openrouter"
}