{
    "prompt_tokens": 3900436,
    "completion_tokens": 946478,
    "total_tokens": 4846914,
    "prompt_cost": 1.0531177200000021,
    "completion_cost": 1.0411258000000012,
    "total_cost": 2.0942435200000036,
    "provider": "openrouter"
}