{
    "prompt_tokens": 6443020,
    "completion_tokens": 822454,
    "total_tokens": 7265474,
    "prompt_cost": 8.053774999999995,
    "completion_cost": 4.112270000000006,
    "total_cost": 12.166045,
    "provider": "google"
}