{
    "prompt_cost": 12.373939999999989,
    "completion_cost": 10.253499999999988,
    "total_cost": 22.62743999999998,
    "provider": "openrouter"
}