{
    "prompt_cost": 1.5463224000000035,
    "completion_cost": 0.9132624000000003,
    "total_cost": 2.4595848000000036,
    "provider": "openrouter"
}