{
    "prompt_tokens": 4418064,
    "completion_tokens": 2283156,
    "total_tokens": 6701220,
    "prompt_cost": 1.5463224000000035,
    "completion_cost": 0.9132624000000003,
    "total_cost": 2.4595848000000036,
    "provider": "openrouter"
}