{
    "prompt_tokens": 4318331,
    "completion_tokens": 2502630,
    "total_tokens": 6820961,
    "prompt_cost": 1.5114158499999977,
    "completion_cost": 1.0010519999999996,
    "total_cost": 2.5124678499999975,
    "provider": "openrouter"
}