{
    "prompt_tokens": 5927873,
    "completion_tokens": 6401957,
    "total_tokens": 12329830,
    "prompt_cost": 0.8299022200000026,
    "completion_cost": 3.841174199999998,
    "total_cost": 4.67107642,
    "provider": "openrouter"
}