{
    "prompt_tokens": 6483590,
    "completion_tokens": 9020788,
    "total_tokens": 15504378,
    "prompt_cost": 8.104487500000033,
    "completion_cost": 90.20788000000007,
    "total_cost": 98.31236750000011,
    "provider": "google"
}