{
    "prompt_tokens": 627855,
    "completion_tokens": 986001,
    "total_tokens": 1613856,
    "prompt_cost": 0.06278550000000004,
    "completion_cost": 0.29580029999999996,
    "total_cost": 0.3585858,
    "provider": "mistral"
}