{
    "prompt_cost": 4.811806999999982,
    "completion_cost": 144.69670599999992,
    "total_cost": 149.5085129999999,
    "provider": "openai-chatcompletion"
}