{
    "prompt_tokens": 4374370,
    "completion_tokens": 32885615,
    "total_tokens": 37259985,
    "prompt_cost": 4.811806999999982,
    "completion_cost": 144.69670599999992,
    "total_cost": 149.5085129999999,
    "provider": "openai-chatcompletion"
}