{
    "prompt_tokens": 5044580,
    "completion_tokens": 33788954,
    "total_tokens": 38833534,
    "prompt_cost": 6.305724999999972,
    "completion_cost": 337.8895399999998,
    "total_cost": 344.1952649999998,
    "provider": "google"
}