{
    "prompt_cost": 0.49974799999999636,
    "completion_cost": 1.0435643999999933,
    "total_cost": 1.5433123999999896,
    "provider": "google"
}