{
    "prompt_cost": 8.827141999999958,
    "completion_cost": 28.553110000000068,
    "total_cost": 37.38025200000003,
    "provider": "openrouter"
}