{
    "prompt_tokens": 4413571,
    "completion_tokens": 2855311,
    "total_tokens": 7268882,
    "prompt_cost": 8.827141999999958,
    "completion_cost": 28.553110000000068,
    "total_cost": 37.38025200000003,
    "provider": "openrouter"
}