{
    "prompt_tokens": 4363400,
    "completion_tokens": 8796458,
    "total_tokens": 13159858,
    "prompt_cost": 1.003581999999994,
    "completion_cost": 6.0695560199999985,
    "total_cost": 7.073138019999993,
    "provider": "openrouter"
}