{
    "prompt_cost": 16.555560000000007,
    "completion_cost": 41.35522499999999,
    "total_cost": 57.910785,
    "provider": "anthropic"
}