{
    "prompt_tokens": 5518520,
    "completion_tokens": 2757015,
    "total_tokens": 8275535,
    "prompt_cost": 16.555560000000007,
    "completion_cost": 41.35522499999999,
    "total_cost": 57.910785,
    "provider": "anthropic"
}