{
    "prompt_cost": 13.018890000000008,
    "completion_cost": 19.241864999999997,
    "total_cost": 32.260755,
    "provider": "anthropic"
}