{
    "prompt_tokens": 4339630,
    "completion_tokens": 1282791,
    "total_tokens": 5622421,
    "prompt_cost": 13.018890000000008,
    "completion_cost": 19.241864999999997,
    "total_cost": 32.260755,
    "provider": "anthropic"
}