{
    "prompt_tokens": 437921,
    "completion_tokens": 2219423,
    "total_tokens": 2657344,
    "prompt_cost": 0.8758420000000007,
    "completion_cost": 17.755383999999996,
    "total_cost": 18.631225999999998,
    "provider": "openai-chatcompletion"
}