{
    "prompt_cost": 0.13802489999999998,
    "completion_cost": 1.8111222000000016,
    "total_cost": 1.9491471000000016,
    "provider": "mistral"
}