{
    "prompt_tokens": 460083,
    "completion_tokens": 2012358,
    "total_tokens": 2472441,
    "prompt_cost": 0.13802489999999998,
    "completion_cost": 1.8111222000000016,
    "total_cost": 1.9491471000000016,
    "provider": "mistral"
}