{
    "prompt_tokens": 5061683,
    "completion_tokens": 2531422,
    "total_tokens": 7593105,
    "prompt_cost": 1.5185048999999917,
    "completion_cost": 1.2657109999999994,
    "total_cost": 2.784215899999991,
    "provider": "openrouter"
}