{
    "prompt_tokens": 627855,
    "completion_tokens": 1044384,
    "total_tokens": 1672239,
    "prompt_cost": 0.25114200000000003,
    "completion_cost": 2.088768000000001,
    "total_cost": 2.339910000000001,
    "provider": "mistral"
}