{
    "prompt_cost": 22.550570000000043,
    "completion_cost": 11.150034000000005,
    "total_cost": 33.70060400000005,
    "provider": "google"
}