{
    "prompt_cost": 2.1516890999999942,
    "completion_cost": 11.331598740000004,
    "total_cost": 13.48328784,
    "provider": "openrouter"
}