{
    "prompt_tokens": 5044580,
    "completion_tokens": 4316883,
    "total_tokens": 9361463,
    "prompt_cost": 0.7566869999999972,
    "completion_cost": 2.590129800000001,
    "total_cost": 3.3468167999999983,
    "provider": "google"
}