{
    "prompt_tokens": 377680,
    "completion_tokens": 645577,
    "total_tokens": 1023257,
    "prompt_cost": 0.9442000000000003,
    "completion_cost": 6.4557699999999985,
    "total_cost": 7.399969999999999,
    "provider": "openai-chatcompletion"
}