{
    "prompt_tokens": 6150076,
    "completion_tokens": 3035249,
    "total_tokens": 9185325,
    "prompt_cost": 0.7380091200000001,
    "completion_cost": 0.5463448200000021,
    "total_cost": 1.2843539400000021,
    "provider": "openrouter"
}