{
    "prompt_tokens": 460083,
    "completion_tokens": 2933139,
    "total_tokens": 3393222,
    "prompt_cost": 0.920166,
    "completion_cost": 14.665694999999985,
    "total_cost": 15.585860999999985,
    "provider": "mistral"
}