{
    "prompt_tokens": 6317840,
    "completion_tokens": 1091497,
    "total_tokens": 7409337,
    "prompt_cost": 15.79460000000002,
    "completion_cost": 10.91497,
    "total_cost": 26.70957000000002,
    "provider": "openrouter"
}