{
    "prompt_tokens": 5518520,
    "completion_tokens": 3477520,
    "total_tokens": 8996040,
    "prompt_cost": 16.555560000000046,
    "completion_cost": 52.16279999999999,
    "total_cost": 68.71836000000003,
    "provider": "anthropic"
}