{
    "prompt_tokens": 460083,
    "completion_tokens": 2750819,
    "total_tokens": 3210902,
    "prompt_cost": 0.0460083,
    "completion_cost": 0.8252457000000005,
    "total_cost": 0.8712540000000005,
    "provider": "mistral"
}