{
    "prompt_cost": 1.3487539999999998,
    "completion_cost": 6.705492000000002,
    "total_cost": 8.054246000000003,
    "provider": "mistral"
}