{
    "prompt_cost": 0.5270697600000027,
    "completion_cost": 2.75118750000008,
    "total_cost": 3.2782572600000828,
    "provider": "openrouter"
}