{
    "prompt_tokens": 4392248,
    "completion_tokens": 15284375,
    "total_tokens": 19676623,
    "prompt_cost": 0.5270697600000027,
    "completion_cost": 2.75118750000008,
    "total_cost": 3.2782572600000828,
    "provider": "openrouter"
}