{
    "prompt_cost": 0.6320801199999995,
    "completion_cost": 0.7458693200000005,
    "total_cost": 1.37794944,
    "provider": "openrouter"
}