{
    "prompt_tokens": 4514858,
    "completion_tokens": 2663819,
    "total_tokens": 7178677,
    "prompt_cost": 0.6320801199999995,
    "completion_cost": 0.7458693200000005,
    "total_cost": 1.37794944,
    "provider": "openrouter"
}