{
    "prompt_tokens": 4374370,
    "completion_tokens": 47993594,
    "total_tokens": 52367964,
    "prompt_cost": 4.8118069999999475,
    "completion_cost": 211.17181359999984,
    "total_cost": 215.9836205999998,
    "provider": "openai-chatcompletion"
}