{
    "prompt_cost": 0.6616181999999915,
    "completion_cost": 4.751972999999989,
    "total_cost": 5.41359119999998,
    "provider": "openrouter"
}