{
    "prompt_tokens": 4410788,
    "completion_tokens": 7919955,
    "total_tokens": 12330743,
    "prompt_cost": 0.6616181999999915,
    "completion_cost": 4.751972999999989,
    "total_cost": 5.41359119999998,
    "provider": "openrouter"
}