{
    "prompt_cost": 0.5613870600000028,
    "completion_cost": 0.8341400000000005,
    "total_cost": 1.3955270600000034,
    "provider": "openrouter"
}