{
    "prompt_tokens": 4318362,
    "completion_tokens": 2085350,
    "total_tokens": 6403712,
    "prompt_cost": 0.5613870600000028,
    "completion_cost": 0.8341400000000005,
    "total_cost": 1.3955270600000034,
    "provider": "openrouter"
}