{
    "prompt_cost": 1.2210120000000007,
    "completion_cost": 0.19497939999999994,
    "total_cost": 1.4159914000000007,
    "provider": "openrouter"
}