{
    "prompt_tokens": 6105060,
    "completion_tokens": 974897,
    "total_tokens": 7079957,
    "prompt_cost": 1.2210120000000007,
    "completion_cost": 0.19497939999999994,
    "total_cost": 1.4159914000000007,
    "provider": "openrouter"
}