{
    "prompt_tokens": 674377,
    "completion_tokens": 768553,
    "total_tokens": 1442930,
    "prompt_cost": 0.1348754,
    "completion_cost": 0.4611318,
    "total_cost": 0.5960072,
    "provider": "mistral"
}