{
    "prompt_cost": 13.489340000000022,
    "completion_cost": 7.040687999999992,
    "total_cost": 20.530028000000016,
    "provider": "openrouter"
}