{
    "prompt_cost": 2.4904335500000045,
    "completion_cost": 54.24856884000005,
    "total_cost": 56.73900239000005,
    "provider": "openrouter"
}