{
    "prompt_tokens": 4375700,
    "completion_tokens": 2296795,
    "total_tokens": 6672495,
    "prompt_cost": 0.8751400000000019,
    "completion_cost": 1.378076999999998,
    "total_cost": 2.253217,
    "provider": "openrouter"
}