{
    "prompt_cost": 0.6442120000000012,
    "completion_cost": 0.45071919999999877,
    "total_cost": 1.0949312,
    "provider": "google"
}