{
    "prompt_tokens": 460083,
    "completion_tokens": 2363552,
    "total_tokens": 2823635,
    "prompt_cost": 0.0460083,
    "completion_cost": 0.7090655999999993,
    "total_cost": 0.7550738999999993,
    "provider": "mistral"
}