{
    "prompt_tokens": 627855,
    "completion_tokens": 1048510,
    "total_tokens": 1676365,
    "prompt_cost": 1.2557100000000003,
    "completion_cost": 5.24255,
    "total_cost": 6.49826,
    "provider": "mistral"
}