{
    "prompt_cost": 0.11097179999999997,
    "completion_cost": 1.4095745999999991,
    "total_cost": 1.520546399999999,
    "provider": "mistral"
}