{
    "prompt_tokens": 6483590,
    "completion_tokens": 1506919,
    "total_tokens": 7990509,
    "prompt_cost": 0.9725385000000006,
    "completion_cost": 0.9041514,
    "total_cost": 1.8766899000000006,
    "provider": "google"
}