{
    "prompt_cost": 0.8658285599999986,
    "completion_cost": 1.5446905800000015,
    "total_cost": 2.41051914,
    "provider": "openrouter"
}