{
    "prompt_cost": 13.018889999999995,
    "completion_cost": 17.176454999999997,
    "total_cost": 30.195344999999993,
    "provider": "anthropic"
}