{
    "prompt_tokens": 4339630,
    "completion_tokens": 1145097,
    "total_tokens": 5484727,
    "prompt_cost": 13.018889999999995,
    "completion_cost": 17.176454999999997,
    "total_cost": 30.195344999999993,
    "provider": "anthropic"
}