{
    "prompt_tokens": 3775900,
    "completion_tokens": 11747428,
    "total_tokens": 15523328,
    "prompt_cost": 4.1534900000000015,
    "completion_cost": 51.6886832,
    "total_cost": 55.842173200000005,
    "provider": "openai-chatcompletion"
}