{
    "prompt_cost": 1.1097180000000004,
    "completion_cost": 15.029118,
    "total_cost": 16.138836,
    "provider": "mistral"
}