{
    "prompt_tokens": 554859,
    "completion_tokens": 2504853,
    "total_tokens": 3059712,
    "prompt_cost": 1.1097180000000004,
    "completion_cost": 15.029118,
    "total_cost": 16.138836,
    "provider": "mistral"
}