{
    "prompt_tokens": 627855,
    "completion_tokens": 1077693,
    "total_tokens": 1705548,
    "prompt_cost": 0.06278550000000001,
    "completion_cost": 0.3233078999999999,
    "total_cost": 0.3860933999999999,
    "provider": "mistral"
}