{
    "prompt_tokens": 5574848,
    "completion_tokens": 832192,
    "total_tokens": 6407040,
    "prompt_cost": 1.9511968000000013,
    "completion_cost": 0.3328768000000005,
    "total_cost": 2.284073600000002,
    "provider": "openrouter"
}