{
    "prompt_tokens": 5002320,
    "completion_tokens": 2512543,
    "total_tokens": 7514863,
    "prompt_cost": 6.2528999999999595,
    "completion_cost": 12.562714999999967,
    "total_cost": 18.815614999999926,
    "provider": "google"
}