{
    "prompt_tokens": 4339630,
    "completion_tokens": 1361178,
    "total_tokens": 5700808,
    "prompt_cost": 13.018889999999999,
    "completion_cost": 20.41767,
    "total_cost": 33.43656,
    "provider": "anthropic"
}