{
    "prompt_tokens": 437921,
    "completion_tokens": 1931175,
    "total_tokens": 2369096,
    "prompt_cost": 1.094802500000001,
    "completion_cost": 19.311750000000007,
    "total_cost": 20.406552500000007,
    "provider": "openai-chatcompletion"
}