{
    "prompt_tokens": 3775900,
    "completion_tokens": 8513984,
    "total_tokens": 12289884,
    "prompt_cost": 4.153490000000009,
    "completion_cost": 37.46152959999996,
    "total_cost": 41.61501959999997,
    "provider": "openai-chatcompletion"
}